{"cameraMode":{"drawMode":0,"name":"Shaded","section":"Shading Mode"},"sceneLighting":false,"audioPlay":false,"sceneViewState":{"m_AlwaysRefresh":false,"showFog":true,"showSkybox":false,"showFlares":true,"showImageEffects":true,"showParticleSystems":true,"showVisualEffectGraphs":true,"m_FxEnabled":true},"in2DMode":false,"pivot":{"x":1.097428798675537,"y":-1.914776086807251,"z":-7.560794353485107},"rotation":{"x":0.0018250782741233707,"y":-0.933997631072998,"z":0.35733965039253237,"w":0.004773905500769615},"size":5.981452941894531,"orthographic":false}