{"cameraMode":{"drawMode":0,"name":"Shaded","section":"Shading Mode"},"sceneLighting":false,"audioPlay":false,"sceneViewState":{"m_AlwaysRefresh":false,"showFog":true,"showSkybox":false,"showFlares":true,"showImageEffects":true,"showParticleSystems":true,"showVisualEffectGraphs":true,"m_FxEnabled":true},"in2DMode":false,"pivot":{"x":0.7732540369033814,"y":-0.6047936677932739,"z":-0.9178897738456726},"rotation":{"x":0.0766453668475151,"y":0.9157463312149048,"z":-0.20895901322364808,"w":0.3351946473121643},"size":0.7210919857025147,"orthographic":false}