{"cameraMode":{"drawMode":0,"name":"Shaded","section":"Shading Mode"},"sceneLighting":false,"audioPlay":false,"sceneViewState":{"m_AlwaysRefresh":false,"showFog":true,"showSkybox":true,"showFlares":true,"showImageEffects":true,"showParticleSystems":true,"showVisualEffectGraphs":true,"m_FxEnabled":true},"in2DMode":false,"pivot":{"x":-195.06219482421876,"y":51.09011459350586,"z":-208.8561248779297},"rotation":{"x":-0.02517094649374485,"y":0.0498444102704525,"z":0.0013562418753281236,"w":0.9986863136291504},"size":0.3405204713344574,"orthographic":false}